{"account":{"pk":10903027986,"username":"fdciabdul","full_name":"\ud835\udc68\ud835\udc83\ud835\udc85\ud835\udc96\ud835\udc8d \ud835\udc74\ud835\udc96\ud835\udc95\ud835\udc95\ud835\udc82\ud835\udc92\ud835\udc8a\ud835\udc8f","profile_pic_url":"https:\/\/instagram.fcgk24-1.fna.fbcdn.net\/v\/t51.2885-19\/s150x150\/91906451_212346826714738_5187674350098055168_n.jpg?_nc_ad=z-m&_nc_ht=instagram.fcgk24-1.fna.fbcdn.net&_nc_cat=110&_nc_ohc=ZMWNH9BN0QsAX89Jj2K&oh=9235193e7633104cab2e666b65c666a0&oe=5EBF3FFF","is_private":false},"like_count":8,"last_used":"13\/04\/2020 20:45","bot_started":"13\/04\/2020 20:43","wait_until":""}